Ref,Val,Package,PosX,PosY,Rot,Side
"C1","10uF","C_0805_2012Metric_Pad1.18x1.45mm_HandSolder",240.400000,-81.325000,-90.000000,top
"C2","100nF","C_0603_1608Metric_Pad1.08x0.95mm_HandSolder",245.650000,-81.100000,-90.000000,top
"C3","22uF","C_0805_2012Metric_Pad1.18x1.45mm_HandSolder",254.850000,-82.400000,90.000000,top
"C4","22uF","C_0805_2012Metric_Pad1.18x1.45mm_HandSolder",250.850000,-82.400000,90.000000,top
"C5","22uF","C_0805_2012Metric_Pad1.18x1.45mm_HandSolder",252.850000,-82.400000,90.000000,top
"C6","DNP","C_0603_1608Metric_Pad1.08x0.95mm_HandSolder",245.900000,-86.050000,90.000000,top
"C7","3.3pF","C_0603_1608Metric_Pad1.08x0.95mm_HandSolder",244.150000,-86.050000,90.000000,top
"C8","10uF","C_0805_2012Metric_Pad1.18x1.45mm_HandSolder",242.500000,-52.462500,-90.000000,top
"C9","10uF","C_0805_2012Metric_Pad1.18x1.45mm_HandSolder",244.500000,-52.500000,-90.000000,top
"C10","10uF","C_0805_2012Metric_Pad1.18x1.45mm_HandSolder",246.500000,-52.500000,-90.000000,top
"C11","1uF","C_0603_1608Metric_Pad1.08x0.95mm_HandSolder",135.137500,-137.687500,90.000000,top
"C12","22uF","C_0805_2012Metric_Pad1.18x1.45mm_HandSolder",250.500000,-52.500000,90.000000,top
"C13","22uF","C_0805_2012Metric_Pad1.18x1.45mm_HandSolder",252.500000,-52.500000,90.000000,top
"C14","22uF","C_0805_2012Metric_Pad1.18x1.45mm_HandSolder",254.500000,-52.500000,90.000000,top
"C16","6.8nF","C_0603_1608Metric",47.730000,-68.775000,90.000000,top
"C17","6.8nF","C_0603_1608Metric",46.130000,-71.900000,-90.000000,top
"C20","22nF","C_0603_1608Metric",52.500000,-71.850000,-90.000000,top
"C21","2.2uF","C_0603_1608Metric_Pad1.08x0.95mm_HandSolder",52.300000,-117.250000,-90.000000,top
"C22","100nF","C_0603_1608Metric_Pad1.08x0.95mm_HandSolder",55.400000,-119.100000,180.000000,top
"C23","10nF","C_0603_1608Metric",55.700000,-71.850000,90.000000,top
"C24","10uF","C_0805_2012Metric_Pad1.18x1.45mm_HandSolder",60.062500,-122.900000,0.000000,top
"C25","10uF","C_0805_2012Metric_Pad1.18x1.45mm_HandSolder",60.062500,-124.950000,0.000000,top
"C26",".1uF","C_0603_1608Metric_Pad1.08x0.95mm_HandSolder",66.600000,-97.785000,0.000000,top
"C27","33nF","C_0603_1608Metric_Pad1.08x0.95mm_HandSolder",75.907502,-89.844999,-90.000000,top
"C28","4.7uF","C_0603_1608Metric_Pad1.08x0.95mm_HandSolder",78.707502,-84.335000,0.000000,top
"C29","47uF","CP_Radial_D10.0mm_P5.00mm",94.500000,-92.885000,180.000000,top
"C30","47nF","C_0603_1608Metric_Pad1.08x0.95mm_HandSolder",199.962500,-85.287500,180.000000,top
"C31","100nF","C_0603_1608Metric_Pad1.08x0.95mm_HandSolder",79.107502,-89.844999,90.000000,top
"C32","47nF","C_0603_1608Metric_Pad1.08x0.95mm_HandSolder",194.900000,-85.287500,180.000000,top
"C33","4.7uF","C_0603_1608Metric",65.450000,-77.225000,-90.000000,top
"C34","100nF","C_0603_1608Metric_Pad1.08x0.95mm_HandSolder",83.907502,-93.147500,-90.000000,top
"C35","1uF","C_0603_1608Metric_Pad1.08x0.95mm_HandSolder",195.225000,-36.937500,-90.000000,top
"C36","64uF","C_1206_3216Metric_Pad1.33x1.80mm_HandSolder",94.600000,-77.487500,90.000000,top
"C37","1uF","C_0603_1608Metric_Pad1.08x0.95mm_HandSolder",195.225000,-40.300000,90.000000,top
"C38","10nF","C_0603_1608Metric",67.000000,-75.700000,-90.000000,top
"C39","64uF","C_1206_3216Metric_Pad1.33x1.80mm_HandSolder",97.100000,-77.487500,90.000000,top
"C40","1uF","C_0603_1608Metric_Pad1.08x0.95mm_HandSolder",71.400000,-89.985000,90.000000,top
"C41","10uF","C_0805_2012Metric_Pad1.18x1.45mm_HandSolder",60.062500,-120.850000,0.000000,top
"C42","10uF","C_0805_2012Metric_Pad1.18x1.45mm_HandSolder",60.050000,-127.000000,0.000000,top
"C43","10uF","C_0805_2012Metric_Pad1.18x1.45mm_HandSolder",47.600000,-139.962500,-90.000000,top
"C44","10uF","C_0805_2012Metric_Pad1.18x1.45mm_HandSolder",45.550000,-139.962500,-90.000000,top
"C45","100nF","C_0603_1608Metric",69.300000,-81.850000,-90.000000,top
"C46","100nF","C_0603_1608Metric_Pad1.08x0.95mm_HandSolder",250.362500,-38.500000,180.000000,top
"C47","1uF","C_0603_1608Metric",67.700000,-81.875000,-90.000000,top
"C48","1uF","C_0603_1608Metric",75.700000,-81.875000,-90.000000,top
"C49","100nF","C_0603_1608Metric_Pad1.08x0.95mm_HandSolder",246.437500,-38.500000,180.000000,top
"C50","Var","C_0603_1608Metric",75.900000,-69.135000,90.000000,top
"C51","100nF","C_0603_1608Metric",74.130000,-81.875000,-90.000000,top
"C52","Var","C_0603_1608Metric",72.925000,-71.885000,180.000000,top
"C53","100nF","C_0603_1608Metric",72.500000,-81.875000,-90.000000,top
"C54","100nF","C_0603_1608Metric",70.900000,-81.875000,-90.000000,top
"C55","22uF","C_0805_2012Metric_Pad1.18x1.45mm_HandSolder",48.090000,-43.265000,180.000000,top
"C56","22uF","C_0805_2012Metric_Pad1.18x1.45mm_HandSolder",48.090000,-45.465000,180.000000,top
"C57","10uF","C_1206_3216Metric",65.700000,-81.750000,-90.000000,top
"C58","10uF","C_0805_2012Metric_Pad1.18x1.45mm_HandSolder",35.800000,-134.600000,180.000000,top
"C59","10uF","C_0805_2012Metric_Pad1.18x1.45mm_HandSolder",35.800000,-136.650000,180.000000,top
"C60","10uF","C_0805_2012Metric_Pad1.18x1.45mm_HandSolder",39.400000,-139.962500,-90.000000,top
"C61","100nF","C_0603_1608Metric_Pad1.08x0.95mm_HandSolder",57.490000,-55.002500,90.000000,top
"C62","100nF","C_0603_1608Metric_Pad1.08x0.95mm_HandSolder",48.490000,-54.665000,-90.000000,top
"C63","100nF","C_0603_1608Metric_Pad1.08x0.95mm_HandSolder",248.387500,-45.500000,90.000000,top
"C64","470pF","C_0603_1608Metric_Pad1.08x0.95mm_HandSolder",46.490000,-49.065000,-90.000000,top
"C65","470pF","C_0603_1608Metric_Pad1.08x0.95mm_HandSolder",62.690000,-54.065000,-90.000000,top
"C66","100pF","C_0805_2012Metric_Pad1.18x1.45mm_HandSolder",253.550000,-43.427500,180.000000,top
"C67","470pF","C_0603_1608Metric_Pad1.08x0.95mm_HandSolder",44.290000,-58.327500,90.000000,top
"C68","4.7nF","C_0805_2012Metric_Pad1.18x1.45mm_HandSolder",253.550000,-45.437500,0.000000,top
"C69","47uF","CP_Elec_10x12.6",92.590000,-34.650000,90.000000,top
"C70","22uF","C_0805_2012Metric_Pad1.18x1.45mm_HandSolder",248.500000,-52.500000,90.000000,top
"C71","47uF","CP_Elec_10x12.6",92.590000,-49.350000,-90.000000,top
"C72","4.7uF","C_0603_1608Metric_Pad1.08x0.95mm_HandSolder",253.810000,-39.500000,180.000000,top
"C73","100nF","C_0603_1608Metric_Pad1.08x0.95mm_HandSolder",242.050000,-43.400000,0.000000,top
"C74","2.2uF","C_0603_1608Metric_Pad1.08x0.95mm_HandSolder",137.537500,-137.612500,-90.000000,top
"C75","100nF","C_0603_1608Metric_Pad1.08x0.95mm_HandSolder",138.837500,-132.787500,-90.000000,top
"C76","10uF","C_0805_2012Metric_Pad1.18x1.45mm_HandSolder",141.587500,-125.350000,0.000000,top
"C77","10uF","C_0805_2012Metric_Pad1.18x1.45mm_HandSolder",141.587500,-127.390000,0.000000,top
"C78","1uF","C_0603_1608Metric_Pad1.08x0.95mm_HandSolder",141.587500,-129.150000,0.000000,top
"C79","1uF","C_0603_1608Metric_Pad1.08x0.95mm_HandSolder",137.837500,-121.400000,180.000000,top
"C80","1uF","C_0603_1608Metric_Pad1.08x0.95mm_HandSolder",130.837500,-104.200000,180.000000,top
"C81","1uF","C_0603_1608Metric_Pad1.08x0.95mm_HandSolder",137.087500,-115.062500,-90.000000,top
"C82","1uF","C_0603_1608Metric_Pad1.08x0.95mm_HandSolder",130.837500,-105.950000,180.000000,top
"C83","TBD","C_0603_1608Metric_Pad1.08x0.95mm_HandSolder",140.837500,-114.450000,-90.000000,top
"C84","TBD","C_0603_1608Metric_Pad1.08x0.95mm_HandSolder",143.087500,-114.450000,90.000000,top
"C85","10uF","C_0805_2012Metric_Pad1.18x1.45mm_HandSolder",206.562500,-78.100000,180.000000,top
"C86","10uF","C_0805_2012Metric_Pad1.18x1.45mm_HandSolder",206.562500,-76.050000,180.000000,top
"C87","10uF","C_0805_2012Metric_Pad1.18x1.45mm_HandSolder",206.550000,-74.000000,180.000000,top
"C88","10uF","C_0805_2012Metric_Pad1.18x1.45mm_HandSolder",209.350000,-68.587500,90.000000,top
"C89","10uF","C_0805_2012Metric_Pad1.18x1.45mm_HandSolder",207.300000,-68.587500,90.000000,top
"C90","10uF","C_0805_2012Metric_Pad1.18x1.45mm_HandSolder",205.250000,-68.600000,90.000000,top
"C91","100nF","C_0603_1608Metric_Pad1.08x0.95mm_HandSolder",206.100000,-85.637500,90.000000,top
"C92","10uF","C_0805_2012Metric_Pad1.18x1.45mm_HandSolder",203.200000,-68.600000,90.000000,top
"C93","1uF","C_0603_1608Metric_Pad1.08x0.95mm_HandSolder",204.300000,-81.425000,-90.000000,top
"C94","1uF","C_0603_1608Metric_Pad1.08x0.95mm_HandSolder",176.950000,-95.837500,90.000000,top
"C95","33nF","C_0603_1608Metric_Pad1.08x0.95mm_HandSolder",189.987500,-77.537500,90.000000,top
"C96","33nF","C_0603_1608Metric_Pad1.08x0.95mm_HandSolder",191.987500,-77.537500,90.000000,top
"C97","10nF","C_0603_1608Metric_Pad1.08x0.95mm_HandSolder",190.987500,-74.787500,0.000000,top
"C98","100pF","C_0603_1608Metric_Pad1.08x0.95mm_HandSolder",182.200000,-99.837500,90.000000,top
"C99","100pF","C_0603_1608Metric_Pad1.08x0.95mm_HandSolder",183.200000,-95.837500,90.000000,top
"C100","2.2uF","C_0603_1608Metric_Pad1.08x0.95mm_HandSolder",197.450000,-83.687500,0.000000,top
"C101","680pF","C_0603_1608Metric_Pad1.08x0.95mm_HandSolder",208.950000,-100.337500,90.000000,top
"C102","15pF","C_0603_1608Metric_Pad1.08x0.95mm_HandSolder",208.950000,-96.950000,-90.000000,top
"C103","4.7nF","C_0603_1608Metric_Pad1.08x0.95mm_HandSolder",207.450000,-100.337500,90.000000,top
"C104","33pF","C_0603_1608Metric_Pad1.08x0.95mm_HandSolder",205.950000,-96.975000,-90.000000,top
"C105","10uF","C_0805_2012Metric_Pad1.18x1.45mm_HandSolder",181.550000,-68.612500,90.000000,top
"C106","10uF","C_0805_2012Metric_Pad1.18x1.45mm_HandSolder",183.600000,-68.612500,90.000000,top
"C107","10uF","C_0805_2012Metric_Pad1.18x1.45mm_HandSolder",185.650000,-68.612500,90.000000,top
"C108","10uF","C_0805_2012Metric_Pad1.18x1.45mm_HandSolder",187.700000,-68.612500,90.000000,top
"C109","10uF","C_0805_2012Metric_Pad1.18x1.45mm_HandSolder",189.750000,-68.600000,90.000000,top
"C110","20nF","C_0603_1608Metric_Pad1.08x0.95mm_HandSolder",196.250000,-69.800000,180.000000,top
"C111","1nF","C_0603_1608Metric_Pad1.08x0.95mm_HandSolder",196.250000,-68.250000,180.000000,top
"C112","10uF","C_0805_2012Metric_Pad1.18x1.45mm_HandSolder",206.950000,-90.450000,180.000000,top
"C113","10uF","C_0805_2012Metric_Pad1.18x1.45mm_HandSolder",206.962500,-88.400000,180.000000,top
"C114","10uF","C_0805_2012Metric_Pad1.18x1.45mm_HandSolder",43.487500,-139.950000,-90.000000,top
"C115","330pF","C_0603_1608Metric_Pad1.08x0.95mm_HandSolder",36.037500,-130.750000,180.000000,top
"C116","330pF","C_0603_1608Metric_Pad1.08x0.95mm_HandSolder",36.050000,-129.200000,180.000000,top
"C117","10uF","C_0805_2012Metric_Pad1.18x1.45mm_HandSolder",41.450000,-139.950000,-90.000000,top
"C118","10uF","C_0805_2012Metric_Pad1.18x1.45mm_HandSolder",35.800000,-132.550000,180.000000,top
"C123","1uF","C_0603_1608Metric_Pad1.08x0.95mm_HandSolder",76.462500,-73.700000,180.000000,top
"C124","1uF","C_0603_1608Metric_Pad1.08x0.95mm_HandSolder",76.462500,-79.550000,0.000000,top
"D1","D_Zener","D_SMA",136.500000,-74.700000,-90.000000,top
"D2","SW_GD","LED_0805_2012Metric_Pad1.15x1.40mm_HandSolder",142.400000,-72.950000,90.000000,top
"D3","PWRIN_GD","LED_0805_2012Metric_Pad1.15x1.40mm_HandSolder",139.250000,-72.925000,90.000000,top
"D4","FUSE_GD","LED_0805_2012Metric_Pad1.15x1.40mm_HandSolder",145.750000,-72.950000,90.000000,top
"D5","LED","LED_0603_1608Metric_Pad1.05x0.95mm_HandSolder",69.957500,-94.217500,0.000000,top
"D6","LED","LED_0603_1608Metric_Pad1.05x0.95mm_HandSolder",69.957500,-95.817500,0.000000,top
"D7","PWRIN_GD","LED_0805_2012Metric_Pad1.15x1.40mm_HandSolder",42.890000,-24.665000,-90.000000,top
"D8","LED","LED_0603_1608Metric_Pad1.05x0.95mm_HandSolder",70.000000,-92.617500,0.000000,top
"D9","SW_GD","LED_0805_2012Metric_Pad1.15x1.40mm_HandSolder",47.290000,-24.665000,-90.000000,top
"D10","D_Zener","D_SMA",47.890000,-35.065000,-90.000000,top
"D11","PWRIN_GD","LED_0805_2012Metric_Pad1.15x1.40mm_HandSolder",40.600000,-104.700000,-90.000000,top
"D12","SW_GD","LED_0805_2012Metric_Pad1.15x1.40mm_HandSolder",47.200000,-104.700000,-90.000000,top
"D13","PWRIN_GD","LED_0805_2012Metric_Pad1.15x1.40mm_HandSolder",139.600000,-35.640000,90.000000,top
"D14","SW_GD","LED_0805_2012Metric_Pad1.15x1.40mm_HandSolder",143.200000,-35.615000,90.000000,top
"D15","D_Zener","D_SMA",136.200000,-37.665000,-90.000000,top
"D16","FUSE_GD","LED_0805_2012Metric_Pad1.15x1.40mm_HandSolder",146.800000,-35.640000,90.000000,top
"D19","LED","LED_0603_1608Metric",68.600000,-75.662500,90.000000,top
"D20","LED","LED_0603_1608Metric",71.800000,-75.650000,90.000000,top
"D21","D_Zener","D_SMA",47.200000,-116.800000,-90.000000,top
"D23","D_Schottky","D_SMA-SMB_Universal_Handsoldering",52.290000,-36.465000,90.000000,top
"D24","LED","LED_0805_2012Metric_Pad1.15x1.40mm_HandSolder",200.225000,-44.937500,90.000000,top
"D25","FUSE_GD","LED_0805_2012Metric_Pad1.15x1.40mm_HandSolder",51.690000,-24.665000,-90.000000,top
"D26","LED","LED_0805_2012Metric_Pad1.15x1.40mm_HandSolder",198.225000,-44.937500,90.000000,top
"D27","~{CHRG}","LED_0805_2012Metric_Pad1.15x1.40mm_HandSolder",56.090000,-24.665000,90.000000,top
"D28","SM350A","D_SMA-SMB_Universal_Handsoldering",61.090000,-41.765000,-90.000000,top
"D29","TVS","D_SMA_Handsoldering",61.090000,-31.765000,90.000000,top
"D30","~{DONE}","LED_0805_2012Metric_Pad1.15x1.40mm_HandSolder",60.490000,-24.640000,90.000000,top
"D31","FUSE_GD","LED_0805_2012Metric_Pad1.15x1.40mm_HandSolder",54.000000,-104.600000,-90.000000,top
"F1","Fuse","Fuse_1206_3216Metric_Pad1.42x1.75mm_HandSolder",137.987500,-69.700000,0.000000,top
"F2","Fuse","Fuse_1206_3216Metric_Pad1.42x1.75mm_HandSolder",140.087500,-29.665000,0.000000,top
"F3","Fuse","Fuse_1206_3216Metric_Pad1.42x1.75mm_HandSolder",49.890000,-29.065000,0.000000,top
"F4","Fuse","Fuse_1206_3216Metric_Pad1.42x1.75mm_HandSolder",177.962500,-69.337500,0.000000,top
"F5","2A_FUSE","Fuse_1206_3216Metric_Pad1.42x1.75mm_HandSolder",236.700000,-68.687500,0.000000,top
"F6","2A_FUSE","Fuse_1206_3216Metric_Pad1.42x1.75mm_HandSolder",191.650000,-34.662500,0.000000,top
"F7","USB_FUSE","Fuse_1206_3216Metric_Pad1.42x1.75mm_HandSolder",48.687500,-110.000000,0.000000,top
"F8","2A_FUSE","Fuse_1206_3216Metric_Pad1.42x1.75mm_HandSolder",235.000000,-28.500000,0.000000,top
"F9","Fuse_Small","Fuse_0805_2012Metric_Pad1.15x1.40mm_HandSolder",128.387500,-140.450000,0.000000,top
"FB2","FerriteBead_Small","L_0603_1608Metric",73.400000,-75.585000,90.000000,top
"J1","0826-1X1T-GJ-F","BEL_0826-1X1T-GJ-F",38.525000,-82.364500,90.000000,top
"J2","PWR_IN","PinHeader_2x04_P2.54mm_Horizontal",237.350000,-79.750000,180.000000,top
"J3","GROUND","PinHeader_2x04_P2.54mm_Horizontal",237.350000,-90.950000,180.000000,top
"J4","PWR_OUT","PinSocket_2x04_P2.54mm_Horizontal",259.960000,-79.770000,180.000000,top
"J5","GROUND","PinSocket_2x04_P2.54mm_Horizontal",259.960000,-90.970000,180.000000,top
"J6","Conn_01x02","PinSocket_1x02_P2.54mm_Vertical",234.500000,-55.725000,90.000000,top
"J7","PWR_IN","PinHeader_2x04_P2.54mm_Horizontal",236.900000,-40.037500,180.000000,top
"J8","GROUND","PinSocket_2x04_P2.54mm_Horizontal",161.175000,-92.250000,180.000000,top
"J9","GROUND","PinHeader_2x04_P2.54mm_Horizontal",236.900000,-52.037500,180.000000,top
"J10","PWR_AUX_BOT","PinHeader_1x04_P2.54mm_Vertical",234.680000,-60.500000,90.000000,top
"J11","GROUND","PinSocket_2x04_P2.54mm_Horizontal",260.100000,-52.120000,180.000000,top
"J12","PWR_IN","BarrelJack_Horizontal",136.700000,-83.550000,0.000000,top
"J13","PWR_OUT","PinSocket_2x04_P2.54mm_Horizontal",260.185000,-40.150000,180.000000,top
"J15","GROUND","PinSocket_2x04_P2.54mm_Horizontal",109.310000,-92.170000,180.000000,top
"J16","SPI_ETHERNET","PinHeader_1x06_P2.54mm_Vertical",62.700000,-88.700000,180.000000,top
"J17","PWR_IN","BarrelJack_Horizontal",43.690000,-42.465000,0.000000,top
"J18","PWR_IN","PinSocket_2x04_P2.54mm_Horizontal",109.550000,-40.065000,180.000000,top
"J19","GROUND","PinSocket_2x04_P2.54mm_Horizontal",210.510000,-132.420000,180.000000,top
"J20","GROUND","PinSocket_2x04_P2.54mm_Horizontal",161.262500,-132.280000,180.000000,top
"J21","GROUND","PinSocket_2x04_P2.54mm_Horizontal",260.060000,-132.457500,180.000000,top
"J22","PWR_IN","PinHeader_2x04_P2.54mm_Horizontal",187.300000,-120.200000,180.000000,top
"J23","GROUND","PinSocket_2x04_P2.54mm_Horizontal",109.550000,-52.085000,180.000000,top
"J24","MCU_PORT","PinHeader_1x06_P2.54mm_Vertical",203.800000,-93.337500,-90.000000,top
"J25","PWR_IN","PinSocket_2x04_P2.54mm_Horizontal",160.860000,-39.880000,180.000000,top
"J26","GROUND","PinSocket_2x04_P2.54mm_Horizontal",160.800000,-52.020000,180.000000,top
"J27","GROUND","PinHeader_2x04_P2.54mm_Horizontal",187.300000,-132.200000,180.000000,top
"J28","PWR_IN","PinHeader_2x04_P2.54mm_Horizontal",236.890000,-120.137500,180.000000,top
"J29","PWR_IN","PinHeader_2x04_P2.54mm_Horizontal",187.300000,-80.137500,180.000000,top
"J30","GROUND","PinHeader_2x04_P2.54mm_Horizontal",187.300000,-92.137500,180.000000,top
"J31","USB_CHARGE_PORT","USB_C_Receptacle_GCT_USB4105-xx-A_16P_TopMnt_Horizontal",36.900000,-122.900000,-90.000000,top
"J32","PWR_AUX_TOP","PinHeader_1x04_P2.54mm_Vertical",234.680000,-23.700000,90.000000,top
"J33","GND_AUX_BOT","PinHeader_1x04_P2.54mm_Vertical",245.900000,-60.500000,90.000000,top
"J34","GND_AUX_TOP","PinHeader_1x04_P2.54mm_Vertical",245.900000,-23.700000,90.000000,top
"J35","PWR_OUT","PinSocket_2x04_P2.54mm_Horizontal",210.700000,-80.045000,180.000000,top
"J36","PWR_OUT","PinSocket_2x04_P2.54mm_Horizontal",210.580000,-40.077500,180.000000,top
"J37","GROUND","PinSocket_2x04_P2.54mm_Horizontal",210.700000,-92.355000,180.000000,top
"J38","GROUND","PinSocket_2x04_P2.54mm_Horizontal",210.580000,-52.225000,180.000000,top
"J39","PWR_AUX_BOT","PinHeader_1x04_P2.54mm_Vertical",234.730000,-101.000000,90.000000,top
"J40","PWR_AUX_TOP","PinHeader_1x04_P2.54mm_Vertical",234.700000,-64.150000,90.000000,top
"J41","PWR_IN","PinHeader_2x04_P2.54mm_Horizontal",187.290000,-39.662500,180.000000,top
"J42","GROUND","PinHeader_2x04_P2.54mm_Horizontal",187.255000,-51.927500,180.000000,top
"J43","BATT_1S","JST_PH_B3B-PH-K_1x03_P2.00mm_Vertical",206.275000,-30.937500,-90.000000,top
"J44","GND_AUX_BOT","PinHeader_1x04_P2.54mm_Vertical",253.570000,-101.000000,-90.000000,top
"J45","GND_AUX_TOP","PinHeader_1x04_P2.54mm_Vertical",245.900000,-64.150000,90.000000,top
"J46","PWR_OUT","PinSocket_2x04_P2.54mm_Horizontal",161.175000,-80.250000,180.000000,top
"J47","PWR_AUX_BOT","PinHeader_1x04_P2.54mm_Vertical",135.780000,-101.000000,90.000000,top
"J48","PWR_AUX_TOP","PinHeader_1x04_P2.54mm_Vertical",135.780000,-63.750000,90.000000,top
"J49","GND_AUX_BOT","PinHeader_1x04_P2.54mm_Vertical",147.000000,-101.000000,90.000000,top
"J50","GND_AUX_TOP","PinHeader_1x04_P2.54mm_Vertical",147.000000,-63.750000,90.000000,top
"J51","PWR_AUX_BOT","PinHeader_1x04_P2.54mm_Vertical",135.780000,-60.900000,90.000000,top
"J52","PWR_AUX_TOP","PinHeader_1x04_P2.54mm_Vertical",135.780000,-23.665000,90.000000,top
"J53","GND_AUX_BOT","PinHeader_1x04_P2.54mm_Vertical",147.000000,-60.900000,90.000000,top
"J54","GND_AUX_TOP","PinHeader_1x04_P2.54mm_Vertical",147.000000,-23.665000,90.000000,top
"J55","PWR_AUX_BOT","PinHeader_1x04_P2.54mm_Vertical",84.030000,-101.100000,90.000000,top
"J56","PWR_OUT","PinSocket_2x04_P2.54mm_Horizontal",109.310000,-79.920000,180.000000,top
"J57","PWR_AUX_TOP","PinHeader_1x04_P2.54mm_Vertical",84.080000,-63.700000,90.000000,top
"J58","GND_AUX_BOT","PinHeader_1x04_P2.54mm_Vertical",95.300000,-101.100000,90.000000,top
"J59","GND_AUX_TOP","PinHeader_1x04_P2.54mm_Vertical",95.300000,-63.700000,90.000000,top
"J60","USB_CHARGE_PORT","USB_C_Receptacle_GCT_USB4105-xx-A_16P_TopMnt_Horizontal",127.645000,-42.292500,-90.000000,top
"J61","PWR_AUX_BOT","PinHeader_1x04_P2.54mm_Vertical",84.070000,-60.865000,90.000000,top
"J62","PWR_AUX_TOP","PinHeader_1x04_P2.54mm_Vertical",84.090000,-23.665000,90.000000,top
"J63","GND_AUX_BOT","PinHeader_1x04_P2.54mm_Vertical",95.300000,-60.865000,90.000000,top
"J64","GND_AUX_TOP","PinHeader_1x04_P2.54mm_Vertical",95.290000,-23.665000,90.000000,top
"J65","PWR_AUX_BOT","PinHeader_1x04_P2.54mm_Vertical",185.230000,-141.000000,90.000000,top
"J66","PWR_AUX_TOP","PinHeader_1x04_P2.54mm_Vertical",185.160000,-103.812500,90.000000,top
"J67","GND_AUX_BOT","PinHeader_1x04_P2.54mm_Vertical",196.450000,-141.000000,90.000000,top
"J68","GND_AUX_TOP","PinHeader_1x04_P2.54mm_Vertical",196.450000,-103.800000,90.000000,top
"J69","PWR_OUT","PinSocket_2x04_P2.54mm_Horizontal",210.510000,-120.170000,180.000000,top
"J70","GROUND","PinHeader_2x04_P2.54mm_Horizontal",236.890000,-132.457500,180.000000,top
"J71","PWR_OUT","PinSocket_2x04_P2.54mm_Horizontal",260.060000,-120.207500,180.000000,top
"J72","PWR_AUX_BOT","PinHeader_1x04_P2.54mm_Vertical",84.080000,-141.300000,90.000000,top
"J73","PWR_AUX_TOP","PinHeader_1x04_P2.54mm_Vertical",84.030000,-103.800000,90.000000,top
"J74","GND_AUX_BOT","PinHeader_1x04_P2.54mm_Vertical",95.300000,-141.300000,90.000000,top
"J75","GND_AUX_TOP","PinHeader_1x04_P2.54mm_Vertical",95.330000,-103.700000,90.000000,top
"J76","PWR_OUT","PinSocket_2x04_P2.54mm_Horizontal",109.475000,-120.400000,180.000000,top
"J77","PWR_GND","PinSocket_2x04_P2.54mm_Horizontal",109.475000,-132.400000,180.000000,top
"J78","I2C_CONTROL","PinHeader_1x04_P2.54mm_Vertical",88.800000,-135.100000,90.000000,top
"J79","PWR_OUT","PinSocket_2x04_P2.54mm_Horizontal",161.262500,-120.280000,180.000000,top
"J80","SPI","PinSocket_1x08_P2.54mm_Vertical",146.037500,-125.150000,180.000000,top
"J81","PWR_AUX_BOT","PinHeader_1x04_P2.54mm_Vertical",135.717500,-141.300000,90.000000,top
"J82","PWR_AUX_TOP","PinHeader_1x04_P2.54mm_Vertical",135.717500,-103.750000,90.000000,top
"J83","GND_AUX_BOT","PinHeader_1x04_P2.54mm_Vertical",147.087500,-141.300000,90.000000,top
"J84","GND_AUX_TOP","PinHeader_1x04_P2.54mm_Vertical",147.047500,-103.750000,90.000000,top
"J85","BATT","TerminalBlock_MetzConnect_Type059_RT06304HBWC_1x04_P3.50mm_Horizontal",202.700000,-99.337500,180.000000,top
"J86","PWR_AUX_TOP","PinHeader_1x04_P2.54mm_Vertical",196.400000,-63.837500,90.000000,top
"J87","I2C_TARGET","PinHeader_1x04_P2.54mm_Vertical",77.540000,-135.100000,90.000000,top
"J88","GND_AUX_TOP","PinHeader_1x04_P2.54mm_Vertical",185.160000,-63.837500,90.000000,top
"J89","PWR_AUX_BOT","PinHeader_1x04_P2.54mm_Vertical",185.080000,-60.512500,90.000000,top
"J90","PWR_AUX_TOP","PinHeader_1x04_P2.54mm_Vertical",185.180000,-23.512500,90.000000,top
"J91","GND_AUX_BOT","PinHeader_1x04_P2.54mm_Vertical",196.430000,-60.550000,90.000000,top
"J92","GND_AUX_TOP","PinHeader_1x04_P2.54mm_Vertical",196.400000,-23.512500,90.000000,top
"J93","Conn_01x07","PinHeader_1x07_P2.54mm_Vertical",73.790000,-135.100000,-90.000000,top
"J94","PWR_AUX_BOT","PinHeader_1x04_P2.54mm_Vertical",234.750000,-141.150000,90.000000,top
"J95","GND_AUX_BOT","PinHeader_1x04_P2.54mm_Vertical",246.000000,-141.150000,90.000000,top
"J96","Conn_01x02","PinSocket_1x02_P2.54mm_Vertical",234.850000,-94.625000,90.000000,top
"L1","4.7uh","L_2512_6332Metric_Pad1.52x3.35mm_HandSolder",246.837500,-77.362500,0.000000,top
"L2","6.8uH","L_2512_6332Metric_Pad1.52x3.35mm_HandSolder",248.500000,-34.450000,0.000000,top
"L3","5.6uH","L_Bourns_SRP1245A",86.400000,-76.750000,90.000000,top
"L4","10uH","L_1210_3225Metric_Pad1.42x2.65mm_HandSolder",55.362500,-121.600000,0.000000,top
"L5","10uH","L_1210_3225Metric_Pad1.42x2.65mm_HandSolder",141.587500,-132.412500,90.000000,top
"L6","4.7uH","L_2512_6332Metric_Pad1.52x3.35mm_HandSolder",197.450000,-80.837500,0.000000,top
"L7","Solar_L","L_Bourns_SRP1770TA_16.9x16.9mm",73.365000,-42.265000,0.000000,top
"Q1","AO4459","SOIC-8_3.9x4.9mm_P1.27mm",54.690000,-44.465000,0.000000,top
"Q3","BC857","SOT-23",150.500000,-81.950000,0.000000,top
"Q4","IRLML6401","SOT-23",150.500000,-78.400000,180.000000,top
"Q5","BC857","SOT-23",150.500000,-85.450000,180.000000,top
"Q6","BC857","SOT-23",101.062500,-85.650000,180.000000,top
"Q7","IRLML6401","SOT-23",101.037500,-82.150000,180.000000,top
"Q8","BC857","SOT-23",101.062500,-89.150000,0.000000,top
"Q9","BC857","SOT-23",100.940000,-48.127500,90.000000,top
"Q10","IRLML6401","SOT-23",100.990000,-39.865000,90.000000,top
"Q11","BC857","SOT-23",100.990000,-44.065000,90.000000,top
"Q12","BC857","SOT-23",152.737500,-42.615000,0.000000,top
"Q13","IRLML6401","SOT-23",152.662500,-38.815000,180.000000,top
"Q14","BC857","SOT-23",152.737500,-46.065000,180.000000,top
"Q15","CSD87501L","PICOSTAR-YJG_TEX",65.375000,-110.150000,0.000000,top
"Q17","AO3401A","SOT-23",149.775000,-112.700000,0.000000,top
"Q18","BC857","SOT-23",155.900000,-120.450000,0.000000,top
"Q19","IRLML6401","SOT-23",155.900000,-116.900000,180.000000,top
"Q20","BC857","SOT-23",155.900000,-123.950000,0.000000,top
"Q22","BC857","SOT-23",103.712500,-122.800000,0.000000,top
"Q23","IRLML6401","SOT-23",103.700000,-119.312500,180.000000,top
"Q24","BC857","SOT-23",103.700000,-126.300000,180.000000,top
"Q26","SiA449DJ","Vishay_PowerPAK_SC70-6L_Single",207.275000,-82.200000,90.000000,top
"R1","10k","R_0805_2012Metric_Pad1.20x1.40mm_HandSolder",240.150000,-85.937500,90.000000,top
"R2","91k","R_0805_2012Metric_Pad1.20x1.40mm_HandSolder",248.600000,-82.400000,90.000000,top
"R3","30k","R_0805_2012Metric_Pad1.20x1.40mm_HandSolder",248.600000,-86.200000,90.000000,top
"R4","27k","R_0805_2012Metric_Pad1.20x1.40mm_HandSolder",242.150000,-85.937500,90.000000,top
"R5","10mOhm","R_0805_2012Metric_Pad1.20x1.40mm_HandSolder",207.900000,-85.500000,-90.000000,top
"R6","10R","R_0603_1608Metric_Pad0.98x0.95mm_HandSolder",204.300000,-88.200000,90.000000,top
"R7","10R","R_0603_1608Metric_Pad0.98x0.95mm_HandSolder",204.300000,-84.887500,90.000000,top
"R8","100k","R_0603_1608Metric_Pad0.98x0.95mm_HandSolder",149.337500,-135.200000,0.000000,top
"R9","1k","R_0805_2012Metric_Pad1.20x1.40mm_HandSolder",139.250000,-76.700000,90.000000,top
"R10","1k","R_0805_2012Metric_Pad1.20x1.40mm_HandSolder",142.500000,-76.700000,90.000000,top
"R11","1k","R_0805_2012Metric_Pad1.20x1.40mm_HandSolder",145.750000,-76.700000,90.000000,top
"R12","1k","R_0603_1608Metric_Pad0.98x0.95mm_HandSolder",66.600000,-94.185000,0.000000,top
"R13","1k","R_0603_1608Metric_Pad0.98x0.95mm_HandSolder",66.545000,-95.817500,0.000000,top
"R14","1k","R_0603_1608Metric_Pad0.98x0.95mm_HandSolder",66.612500,-92.617500,0.000000,top
"R15","47k","R_0805_2012Metric_Pad1.20x1.40mm_HandSolder",151.500000,-89.450000,-90.000000,top
"R16","88.7k","R_0603_1608Metric_Pad0.98x0.95mm_HandSolder",77.507502,-89.844999,90.000000,top
"R17","330R","R_0603_1608Metric",68.600000,-78.762500,-90.000000,top
"R18","330R","R_0603_1608Metric",66.175000,-85.985000,0.000000,top
"R19","330R","R_0603_1608Metric",71.800000,-78.837500,-90.000000,top
"R20","2k","R_0603_1608Metric_Pad0.98x0.95mm_HandSolder",79.107502,-93.157499,90.000000,top
"R21","12.4k","R_0603_1608Metric",70.200000,-75.650000,-90.000000,top
"R22","10R","R_0603_1608Metric",52.500000,-68.725000,-90.000000,top
"R23","47k","R_0805_2012Metric_Pad1.20x1.40mm_HandSolder",149.500000,-89.450000,-90.000000,top
"R24","330R","R_0603_1608Metric",66.200000,-87.585000,0.000000,top
"R25","560k","R_0603_1608Metric_Pad0.98x0.95mm_HandSolder",82.307502,-93.157499,-90.000000,top
"R26","3.3R","R_0603_1608Metric_Pad0.98x0.95mm_HandSolder",85.507502,-93.157499,90.000000,top
"R27","52.3k","R_0603_1608Metric_Pad0.98x0.95mm_HandSolder",73.000000,-86.585000,90.000000,top
"R28","49R","R_0603_1608Metric",50.900000,-68.725000,-90.000000,top
"R29","10k","R_0603_1608Metric_Pad0.98x0.95mm_HandSolder",73.000000,-89.985000,90.000000,top
"R30","82R","R_0603_1608Metric",54.100000,-71.850000,-90.000000,top
"R31","102k","R_0603_1608Metric_Pad0.98x0.95mm_HandSolder",80.707502,-93.157499,-90.000000,top
"R32","47k","R_0805_2012Metric_Pad1.20x1.40mm_HandSolder",102.590000,-52.765000,-90.000000,top
"R33","47k","R_0805_2012Metric_Pad1.20x1.40mm_HandSolder",99.640000,-52.765000,-90.000000,top
"R34","47k","R_0603_1608Metric_Pad0.98x0.95mm_HandSolder",98.300000,-92.800000,-90.000000,top
"R35","47k","R_0603_1608Metric_Pad0.98x0.95mm_HandSolder",99.950000,-92.800000,-90.000000,top
"R36","1k","R_0805_2012Metric_Pad1.20x1.40mm_HandSolder",40.690000,-24.665000,90.000000,top
"R37","1k","R_0805_2012Metric_Pad1.20x1.40mm_HandSolder",45.090000,-24.665000,90.000000,top
"R38","10k","R_0603_1608Metric_Pad0.98x0.95mm_HandSolder",100.050000,-135.150000,-90.000000,top
"R39","10k","R_0603_1608Metric_Pad0.98x0.95mm_HandSolder",101.600000,-135.150000,-90.000000,top
"R40","1k","R_0805_2012Metric_Pad1.20x1.40mm_HandSolder",139.600000,-39.440000,90.000000,top
"R41","1k","R_0805_2012Metric_Pad1.20x1.40mm_HandSolder",143.200000,-39.440000,90.000000,top
"R42","1k","R_0805_2012Metric_Pad1.20x1.40mm_HandSolder",146.800000,-39.440000,90.000000,top
"R43","47k","R_0805_2012Metric_Pad1.20x1.40mm_HandSolder",154.000000,-49.865000,-90.000000,top
"R44","47k","R_0805_2012Metric_Pad1.20x1.40mm_HandSolder",151.800000,-49.865000,-90.000000,top
"R45","5.1k","R_0805_2012Metric_Pad1.20x1.40mm_HandSolder",129.800000,-50.265000,-90.000000,top
"R46","5.1k","R_0805_2012Metric_Pad1.20x1.40mm_HandSolder",127.600000,-50.265000,-90.000000,top
"R47","10R","R_0603_1608Metric_Pad0.98x0.95mm_HandSolder",192.950000,-90.337500,180.000000,top
"R48","380k","R_0603_1608Metric_Pad0.98x0.95mm_HandSolder",180.200000,-99.837500,90.000000,top
"R49","220k","R_0603_1608Metric_Pad0.98x0.95mm_HandSolder",179.200000,-95.837500,90.000000,top
"R50","10mOhm","R_0805_2012Metric_Pad1.20x1.40mm_HandSolder",192.650000,-69.550000,0.000000,top
"R51","4.9R","R_0603_1608Metric_Pad0.98x0.95mm_HandSolder",190.300000,-72.200000,-90.000000,top
"R52","1k","R_0805_2012Metric_Pad1.20x1.40mm_HandSolder",199.225000,-33.937500,180.000000,top
"R53","24.9k","R_0603_1608Metric_Pad0.98x0.95mm_HandSolder",55.800000,-96.585000,0.000000,top
"R54","63.4k","R_0603_1608Metric_Pad0.98x0.95mm_HandSolder",55.800000,-98.185000,0.000000,top
"R55","1210","R_0603_1608Metric_Pad0.98x0.95mm_HandSolder",55.800000,-99.785000,180.000000,top
"R56","1.3k","R_0603_1608Metric_Pad0.98x0.95mm_HandSolder",59.400000,-101.385000,0.000000,top
"R57","49.9k","R_0603_1608Metric_Pad0.98x0.95mm_HandSolder",55.800000,-101.385000,0.000000,top
"R58","10k","R_0805_2012Metric_Pad1.20x1.40mm_HandSolder",53.200000,-113.500000,0.000000,top
"R59","115k","R_0805_2012Metric_Pad1.20x1.40mm_HandSolder",58.900000,-116.800000,90.000000,top
"R60","22.1k","R_0805_2012Metric_Pad1.20x1.40mm_HandSolder",58.000000,-113.500000,180.000000,top
"R61","10k","R_0603_1608Metric_Pad0.98x0.95mm_HandSolder",103.150000,-135.150000,-90.000000,top
"R62","1k","R_0805_2012Metric_Pad1.20x1.40mm_HandSolder",49.490000,-24.665000,90.000000,top
"R63","1k","R_0805_2012Metric_Pad1.20x1.40mm_HandSolder",53.890000,-24.665000,90.000000,top
"R64","1k","R_0805_2012Metric_Pad1.20x1.40mm_HandSolder",58.290000,-24.665000,90.000000,top
"R65","10k","R_0603_1608Metric_Pad0.98x0.95mm_HandSolder",52.300000,-140.500000,90.000000,top
"R66","49R","R_0603_1608Metric",49.300000,-68.775000,-90.000000,top
"R67","82R","R_0603_1608Metric",47.730000,-71.825000,-90.000000,top
"R68","33R","R_0603_1608Metric",49.300000,-71.825000,-90.000000,top
"R69","33R","R_0603_1608Metric",50.900000,-71.850000,90.000000,top
"R70","33R","R_0603_1608Metric",54.100000,-68.725000,-90.000000,top
"R71","33R","R_0603_1608Metric",55.700000,-68.750000,-90.000000,top
"R72","1M","R_0603_1608Metric",70.000000,-69.060000,90.000000,top
"R73","10k","R_0603_1608Metric",39.500000,-64.600000,90.000000,top
"R74","10k","R_0603_1608Metric",42.700000,-64.625000,90.000000,top
"R75","10k","R_0603_1608Metric",41.100000,-64.625000,90.000000,top
"R76","5.1k","R_0805_2012Metric_Pad1.20x1.40mm_HandSolder",60.490000,-49.500000,90.000000,top
"R77","5.1k","R_0805_2012Metric_Pad1.20x1.40mm_HandSolder",60.490000,-54.065000,90.000000,top
"R78","10k","R_0603_1608Metric_Pad0.98x0.95mm_HandSolder",50.750000,-140.500000,90.000000,top
"R79","10k","R_0603_1608Metric_Pad0.98x0.95mm_HandSolder",53.900000,-140.500000,90.000000,top
"R80","10k","R_0603_1608Metric",44.300000,-71.825000,90.000000,top
"R81","59k","R_0603_1608Metric_Pad0.98x0.95mm_HandSolder",82.345000,-116.875000,-90.000000,top
"R82","1k","R_0805_2012Metric_Pad1.20x1.40mm_HandSolder",42.700000,-104.700000,90.000000,top
"R83","1M","R_0805_2012Metric_Pad1.20x1.40mm_HandSolder",44.290000,-49.065000,-90.000000,top
"R84","120R","R_0805_2012Metric_Pad1.20x1.40mm_HandSolder",62.590000,-49.500000,-90.000000,top
"R85","249k","R_0603_1608Metric_Pad0.98x0.95mm_HandSolder",80.795000,-116.875000,-90.000000,top
"R86","1k","R_0805_2012Metric_Pad1.20x1.40mm_HandSolder",49.400000,-104.700000,90.000000,top
"R87","1k","R_0805_2012Metric_Pad1.20x1.40mm_HandSolder",56.100000,-104.600000,90.000000,top
"R88","10mOhm","R_0805_2012Metric_Pad1.20x1.40mm_HandSolder",250.137500,-45.500000,90.000000,top
"R89","100k","R_0805_2012Metric_Pad1.20x1.40mm_HandSolder",253.500000,-47.500000,180.000000,top
"R90","5.1k","R_0805_2012Metric_Pad1.20x1.40mm_HandSolder",46.490000,-54.665000,-90.000000,top
"R91","5.1k","R_0805_2012Metric_Pad1.20x1.40mm_HandSolder",44.290000,-54.665000,-90.000000,top
"R92","31.6k","R_0805_2012Metric_Pad1.20x1.40mm_HandSolder",253.500000,-49.500000,0.000000,top
"R93","40mOhm","R_1206_3216Metric_Pad1.30x1.75mm_HandSolder",85.490000,-42.265000,0.000000,top
"R94","15k","R_0805_2012Metric_Pad1.20x1.40mm_HandSolder",253.587500,-41.437500,180.000000,top
"R95","147k","R_0805_2012Metric_Pad1.20x1.40mm_HandSolder",242.050000,-39.400000,180.000000,top
"R96","115k","R_0805_2012Metric_Pad1.20x1.40mm_HandSolder",242.050000,-37.400000,0.000000,top
"R97","147k","R_0805_2012Metric_Pad1.20x1.40mm_HandSolder",242.050000,-41.400000,180.000000,top
"R98","49.9k","R_0805_2012Metric_Pad1.20x1.40mm_HandSolder",242.050000,-45.400000,0.000000,top
"R99","24.5k","R_0603_1608Metric_Pad0.98x0.95mm_HandSolder",150.337500,-132.537500,90.000000,top
"R100","4.7k","R_0603_1608Metric_Pad0.98x0.95mm_HandSolder",150.337500,-129.200000,90.000000,top
"R101","520","R_0603_1608Metric_Pad0.98x0.95mm_HandSolder",152.087500,-132.537500,90.000000,top
"R102","2250","R_0603_1608Metric_Pad0.98x0.95mm_HandSolder",152.087500,-135.950000,90.000000,top
"R103","22k","R_0603_1608Metric_Pad0.98x0.95mm_HandSolder",149.337500,-136.787500,0.000000,top
"R104","4.7k","R_0603_1608Metric_Pad0.98x0.95mm_HandSolder",149.750000,-115.450000,0.000000,top
"R105","47k","R_0805_2012Metric_Pad1.20x1.40mm_HandSolder",154.837500,-127.700000,-90.000000,top
"R106","47k","R_0805_2012Metric_Pad1.20x1.40mm_HandSolder",157.087500,-127.700000,-90.000000,top
"R107","10k","R_0805_2012Metric_Pad1.20x1.40mm_HandSolder",133.187500,-132.762500,90.000000,top
"R108","115k","R_0805_2012Metric_Pad1.20x1.40mm_HandSolder",137.087500,-128.400000,90.000000,top
"R109","22.1k","R_0805_2012Metric_Pad1.20x1.40mm_HandSolder",135.087500,-128.400000,90.000000,top
"R110","4.9R","R_0603_1608Metric_Pad0.98x0.95mm_HandSolder",191.987500,-72.200000,-90.000000,top
"R111","30k","R_0603_1608Metric_Pad0.98x0.95mm_HandSolder",184.200000,-99.837500,90.000000,top
"R112","191k","R_0603_1608Metric_Pad0.98x0.95mm_HandSolder",181.200000,-95.837500,-90.000000,top
"R113","350k","R_0603_1608Metric_Pad0.98x0.95mm_HandSolder",206.450000,-93.175000,90.000000,top
"R114","250k","R_0603_1608Metric_Pad0.98x0.95mm_HandSolder",207.950000,-93.175000,-90.000000,top
"R115","15k","R_0603_1608Metric_Pad0.98x0.95mm_HandSolder",207.450000,-96.925000,90.000000,top
"R116","40.2k","R_0603_1608Metric_Pad0.98x0.95mm_HandSolder",205.950000,-100.337500,90.000000,top
"R117","10k","R_0603_1608Metric_Pad0.98x0.95mm_HandSolder",186.450000,-99.837500,90.000000,top
"R118","10k","R_0603_1608Metric_Pad0.98x0.95mm_HandSolder",187.700000,-95.837500,-90.000000,top
"R119","10k","R_0603_1608Metric_Pad0.98x0.95mm_HandSolder",185.450000,-95.837500,90.000000,top
"R120","10k","R_0603_1608Metric_Pad0.98x0.95mm_HandSolder",188.700000,-99.837500,90.000000,top
"R121","976k","R_0603_1608Metric_Pad0.98x0.95mm_HandSolder",79.245000,-116.875000,-90.000000,top
"R122","40.2k","R_0603_1608Metric_Pad0.98x0.95mm_HandSolder",77.695000,-116.875000,90.000000,top
"R123","499k","R_0603_1608Metric_Pad0.98x0.95mm_HandSolder",76.145000,-116.875000,90.000000,top
"R124","499k","R_0603_1608Metric_Pad0.98x0.95mm_HandSolder",88.195000,-116.962500,90.000000,top
"R125","47k","R_0805_2012Metric_Pad1.20x1.40mm_HandSolder",104.750000,-130.000000,-90.000000,top
"R126","47k","R_0805_2012Metric_Pad1.20x1.40mm_HandSolder",102.700000,-130.000000,-90.000000,top
"R127","59k","R_0603_1608Metric_Pad0.98x0.95mm_HandSolder",92.945000,-116.912500,-90.000000,top
"R128","40.2k","R_0603_1608Metric_Pad0.98x0.95mm_HandSolder",94.495000,-116.912500,90.000000,top
"R129","249k","R_0603_1608Metric_Pad0.98x0.95mm_HandSolder",91.345000,-116.912500,-90.000000,top
"R130","976k","R_0603_1608Metric_Pad0.98x0.95mm_HandSolder",89.795000,-116.912500,-90.000000,top
"SW1","SW_Push_DPDT","SW_DPDT_CK_JS202011JCQN",155.887500,-134.450000,90.000000,top
"SW2","SW_SPST","SW_DIP_SPSTx01_Slide_6.7x4.1mm_W6.73mm_P2.54mm_LowProfile_JPin",153.837500,-107.950000,180.000000,top
"SW3","SW_DIP_x04","SW_DIP_SPSTx04_Slide_6.7x11.72mm_W8.61mm_P2.54mm_LowProfile",77.500000,-124.795000,0.000000,top
"SW4","SW_DIP_x04","SW_DIP_SPSTx04_Slide_6.7x11.72mm_W8.61mm_P2.54mm_LowProfile",89.450000,-124.845000,0.000000,top
"SW5","SW_SPST","SW_DIP_SPSTx01_Slide_6.7x4.1mm_W6.73mm_P2.54mm_LowProfile_JPin",38.735000,-69.850000,0.000000,top
"SW6","SW_SPDT","SW_SPDT_CK_JS102011SAQN",127.000000,-72.600000,-90.000000,top
"SW7","SW_SPDT","SW_SPDT_CK_JS102011SAQN",127.000000,-31.865000,-90.000000,top
"SW8","SW_SPDT","SW_SPDT_CK_JS102011SAQN",35.290000,-32.265000,-90.000000,top
"SW9","SW_SPDT","SW_SPDT_CK_JS102011SAQN",35.300000,-112.700000,-90.000000,top
"TH2","10k","R_0805_2012Metric_Pad1.20x1.40mm_HandSolder",65.840000,-54.250000,90.000000,top
"U1","AP6335","CONV_AP63357QZV-7",243.250000,-81.387500,0.000000,top
"U3","TPS2372-4RGWR","QFN-20-1EP_5x5mm_P0.65mm_EP3.35x3.35mm",61.360000,-96.825000,0.000000,top
"U4","W5500","LQFP-48_7x7mm_P0.5mm",62.575000,-68.450000,0.000000,top
"U5","PD70224","Microsemi_QFN-40-32-2EP_6x8mm_P0.5mm",46.240000,-96.145000,0.000000,top
"U6","SIC466ED-T1-GE3","PowerPAK_MLP55-27L_VIS",83.307501,-87.685000,90.000000,top
"U7","AP64060","SOT-23-6",55.362500,-116.500000,180.000000,top
"U10","TPS551892-Q1","VREG_TPS552892QWRYQRQ1",248.460000,-41.250000,0.000000,top
"U11","NCV3316","OnSemi_Micro8",151.737500,-124.500000,90.000000,top
"U12","PMPB11EN","Diodes_UDFN2020-6_Type-F",199.500000,-72.287500,90.000000,top
"U13","TP4056-42-ESOP8","SOIC-8-1EP_3.9x4.9mm_P1.27mm_EP2.41x3.3mm_ThermalVias",198.900000,-38.937500,-90.000000,top
"U14","MCP251863T-E-9PX","VQFN-28-1EP_5x5mm_P0.5mm_EP3.25x3.25mm",136.137500,-110.300000,180.000000,top
"U15","CN3722","TSSOP-16_4.4x5mm_P0.65mm",54.690000,-50.465000,180.000000,top
"U16","AP64060","SOT-23-6",136.137500,-132.762500,-90.000000,top
"U17","BQ25730RSNR","QFN-32-1EP_4x4mm_P0.4mm_EP2.9x2.9mm",197.475000,-88.837500,0.000000,top
"U18","TLV741P","SOT-23-5",141.440968,-122.326000,90.000000,top
"U19","PMPB11EN","Diodes_UDFN2020-6_Type-F",199.500000,-75.125000,90.000000,top
"U20","PMPB11EN","Diodes_UDFN2020-6_Type-F",194.862500,-73.525000,0.000000,top
"U21","PMPB11EN","Diodes_UDFN2020-6_Type-F",195.000000,-76.262500,-90.000000,top
"U22","TPS2575S","QFN-32-1EP_4x4mm_P0.4mm_EP2.9x2.9mm",43.750000,-131.750000,90.000000,top
"U23","TLV741P","SOT-23-5",55.300000,-125.900000,-90.000000,top
"U24","TLV741P","SOT-23-5",76.450000,-76.662500,180.000000,top
"Y1","Crystal_GND23","Crystal_SMD_3225-4Pin_3.2x2.5mm_HandSoldering",141.987500,-109.950000,90.000000,top
"Y2","25Mhz","Crystal_SMD_3225-4Pin_3.2x2.5mm",72.900000,-69.335000,0.000000,top
